,num_clusters,modularity,nmi,conductance,sample_f1_score,SCAtt_lbd,SCAtt_alpha,SCAtt_rho,lambda_DGCluster
0,7,0.8263888888888888,1.0,0.0,1.0,0.8,0.5,0.0,0.6
1,10,0.49927298094931194,0.7171229912603333,0.36141069123712943,0.6846536231128463,0.8,0.5,0.01,1.0
2,7,0.8263888888888888,1.0,0.0,1.0,0.1,0.8,0.0,0.8
3,7,0.8263888888888888,1.0,0.0,1.0,0.5,0.8,0.0,0.6
4,7,0.8263888888888888,1.0,0.0,1.0,0.8,0.8,0.0,0.3
5,4,0.22322410914965296,0.7089356625319402,0.0,0.5473811217870416,0.1,0.8,0.02,0.6
6,7,0.8263888888888888,1.0,0.0,1.0,0.8,0.5,0.0,0.7
7,6,0.5357925895312802,0.7712165292127189,0.08782836126957412,0.6779660398032592,0.8,0.8,0.01,0.2
8,7,0.8263888888888888,1.0,0.0,1.0,0.5,0.8,0.0,0.9
9,4,0.22322410914965296,0.7089356625319402,0.0,0.5473811217870416,0.1,0.8,0.02,0.3
10,7,0.8263888888888888,1.0,0.0,1.0,0.8,0.5,0.0,0.8
11,5,0.27314221885218404,0.8190592056430577,0.0,0.6544920201850788,0.8,0.8,0.02,0.9
12,7,0.8263888888888888,1.0,0.0,1.0,0.8,0.1,0.0,0.8
13,4,0.22169854044821694,0.7122401851946455,0.0,0.552323202727484,0.5,0.8,0.02,0.3
14,6,0.5271415170022256,0.8001257709015864,0.09029332758927788,0.7162471855499604,0.1,0.8,0.01,0.2
15,4,0.22207799618080695,0.7102933197441081,0.0,0.5522678454796718,0.8,0.5,0.02,0.3
16,6,0.5227902767713887,0.8010413567839678,0.09123564947238545,0.7132811683381234,0.1,0.1,0.01,0.2
17,4,0.22169854044821694,0.7122401851946455,0.0,0.552323202727484,0.5,0.8,0.02,0.4
18,4,0.22207799618080695,0.7102933197441081,0.0,0.5522678454796718,0.8,0.5,0.02,1.0
19,7,0.8264813271604938,0.9945055672837275,0.0,0.9960883920733528,0.5,0.5,0.0,0.0
20,7,0.5393243265100149,0.7644252049972611,0.16281480986895155,0.7091555258684948,0.1,0.8,0.01,1.0
21,4,0.22207799618080695,0.7102933197441081,0.0,0.5522678454796718,0.8,0.5,0.02,0.9
22,4,0.22207799618080695,0.7079878972822219,0.0,0.5475296761808952,0.8,0.1,0.02,0.1
23,7,0.5362820382629638,0.7789467099873105,0.16305154018872328,0.7278265106351693,0.5,0.1,0.01,0.8
24,7,0.8263888888888888,1.0,0.0,1.0,0.5,0.1,0.0,0.7
25,7,0.8263888888888888,1.0,0.0,1.0,0.5,0.5,0.0,0.4
26,7,0.53972470957385,0.7724292569810558,0.1614839245411511,0.7121683176061605,0.8,0.1,0.01,0.8
27,7,0.8263888888888888,1.0,0.0,1.0,0.1,0.1,0.0,0.8
28,12,0.5120281924660379,0.6992473281497864,0.4418574955221217,0.6670678700951229,0.8,0.8,0.01,1.0
29,4,0.22631957982433354,0.7144692522160405,0.0,0.5548672670016355,0.8,0.8,0.02,0.7
30,4,0.22132036494032828,0.7147589499242616,0.0,0.5568068237120983,0.1,0.1,0.02,0.7
31,7,0.8263888888888888,1.0,0.0,1.0,0.1,0.8,0.0,0.1
32,4,0.22207799618080695,0.7079878972822219,0.0,0.5475296761808952,0.8,0.1,0.02,1.0
33,6,0.5196102615798928,0.7783279788919136,0.09291775092360073,0.6913484590269697,0.8,0.5,0.01,0.0
34,7,0.8263888888888888,1.0,0.0,1.0,0.1,0.1,0.0,0.5
35,4,0.22322410914965296,0.7089356625319402,0.0,0.5473811217870416,0.1,0.8,0.02,0.1
36,7,0.5446455856577144,0.7892203669743896,0.1622069634879659,0.7428881210681321,0.1,0.5,0.01,0.4
37,4,0.22207799618080695,0.7102933197441081,0.0,0.5522678454796718,0.8,0.5,0.02,0.1
38,7,0.8263888888888888,1.0,0.0,1.0,0.8,0.5,0.0,1.0
39,7,0.8263888888888888,1.0,0.0,1.0,0.8,0.1,0.0,0.4
40,4,0.22207799618080695,0.7102933197441081,0.0,0.5522678454796718,0.8,0.5,0.02,0.5
41,6,0.5247658635681383,0.8010780274651581,0.08984540509228518,0.70645766439701,0.1,0.1,0.01,0.0
42,7,0.8263888888888888,1.0,0.0,1.0,0.5,0.5,0.0,1.0
43,7,0.5300691434374485,0.7469863885948657,0.16543383982273038,0.6813496130321892,0.8,0.5,0.01,0.3
44,7,0.5439883540360386,0.7894758161836529,0.16093073674980823,0.7494445251699825,0.5,0.5,0.01,0.9
45,9,0.5365687755550955,0.7323016227941311,0.29127635947585984,0.6992405929807635,0.5,0.8,0.01,0.7
46,4,0.22169854044821694,0.7094260340733693,0.0,0.548825207223402,0.5,0.1,0.02,0.3
47,4,0.22169854044821694,0.7122401851946455,0.0,0.552323202727484,0.5,0.8,0.02,0.7
48,10,0.4962179699178475,0.7100296430600535,0.36977256617639853,0.6767460965295587,0.8,0.5,0.01,0.9
49,7,0.8263888888888888,1.0,0.0,1.0,0.5,0.5,0.0,0.6
50,7,0.8263888888888888,1.0,0.0,1.0,0.8,0.8,0.0,0.0
51,4,0.39874676403085735,0.7079549334060153,0.0,0.5482106901261534,0.8,0.1,0.01,0.4
52,7,0.8263888888888888,1.0,0.0,1.0,0.5,0.1,0.0,0.4
53,4,0.22322410914965296,0.7089356625319402,0.0,0.5473811217870416,0.1,0.8,0.02,0.7
54,6,0.5250791075772475,0.8020153124806124,0.08957005837790098,0.7097433319246834,0.1,0.1,0.01,0.1
55,7,0.5495131235523675,0.7445828213416195,0.15808630064581225,0.6821160913284791,0.8,0.8,0.01,0.4
56,6,0.520782050618498,0.8038163913522024,0.0929232658207974,0.7212060729749815,0.1,0.1,0.01,0.5
57,7,0.8263888888888888,1.0,0.0,1.0,0.5,0.8,0.0,0.2
58,7,0.8263888888888888,1.0,0.0,1.0,0.1,0.5,0.0,0.8
59,4,0.22631957982433354,0.7144692522160405,0.0,0.5548672670016355,0.8,0.8,0.02,0.3
60,7,0.8263888888888888,1.0,0.0,1.0,0.1,0.1,0.0,0.0
61,6,0.5344887531386314,0.7930195531462414,0.08959180227616804,0.7153069922886095,0.5,0.5,0.01,0.2
62,4,0.4048018121184661,0.7107826976625783,0.0,0.5501479324900893,0.8,0.8,0.01,0.0
63,6,0.5280280523782412,0.7973257893702358,0.09006150666230694,0.7148177241354284,0.1,0.8,0.01,0.4
64,7,0.5340175591918739,0.7825328073534161,0.164374375501153,0.7331676432886997,0.5,0.1,0.01,0.9
65,4,0.22207799618080695,0.7102933197441081,0.0,0.5522678454796718,0.8,0.5,0.02,0.7
66,7,0.8263888888888888,1.0,0.0,1.0,0.1,0.1,0.0,0.2
67,7,0.5414820099211912,0.7701301300885471,0.16039000733659017,0.7071231886482654,0.8,0.1,0.01,0.7
68,7,0.8263888888888888,1.0,0.0,1.0,0.1,0.8,0.0,0.6
69,4,0.22207799618080695,0.7079878972822219,0.0,0.5475296761808952,0.8,0.1,0.02,0.9
70,4,0.22322410914965296,0.7089356625319402,0.0,0.5473811217870416,0.1,0.8,0.02,0.2
71,7,0.8264118827160494,0.9949361669070114,0.0,0.9977410617063143,0.5,0.1,0.0,0.0
72,7,0.8263888888888888,1.0,0.0,1.0,0.8,0.5,0.0,0.3
73,4,0.22169854044821694,0.7094260340733693,0.0,0.548825207223402,0.5,0.1,0.02,0.6
74,4,0.21608822468773406,0.7111659028602006,0.0,0.5502385050010494,0.5,0.5,0.02,0.7
75,4,0.39874676403085735,0.7079549334060153,0.0,0.5482106901261534,0.8,0.1,0.01,0.5
76,7,0.8263888888888888,1.0,0.0,1.0,0.1,0.5,0.0,1.0
77,4,0.22132036494032828,0.7147589499242616,0.0,0.5568068237120983,0.1,0.1,0.02,0.3
78,7,0.8263888888888888,1.0,0.0,1.0,0.8,0.8,0.0,0.5
79,4,0.22169854044821694,0.7122401851946455,0.0,0.552323202727484,0.5,0.8,0.02,0.6
80,4,0.22322410914965296,0.7125021002144215,0.0,0.5527542855168774,0.1,0.5,0.02,0.8
81,6,0.5255857914524993,0.8011100064158443,0.08996525749707136,0.7137542243185317,0.5,0.1,0.01,0.3
82,7,0.8263888888888888,1.0,0.0,1.0,0.5,0.1,0.0,0.5
83,7,0.8263888888888888,1.0,0.0,1.0,0.5,0.5,0.0,0.8
84,4,0.39874676403085735,0.7079549334060153,0.0,0.5482106901261534,0.8,0.1,0.01,0.1
85,7,0.8263888888888888,1.0,0.0,1.0,0.5,0.1,0.0,0.2
86,7,0.5401250097044666,0.7603278924079978,0.16219052388836563,0.7044665817035013,0.1,0.8,0.01,0.8
87,4,0.22322410914965296,0.7125021002144215,0.0,0.5527542855168774,0.1,0.5,0.02,0.9
88,4,0.22322410914965296,0.7089356625319402,0.0,0.5473811217870416,0.1,0.8,0.02,0.8
89,7,0.8263888888888888,1.0,0.0,1.0,0.1,0.5,0.0,0.3
90,7,0.5437428538617362,0.7930270053992647,0.16115823060707654,0.7537845942866659,0.5,0.5,0.01,1.0
91,4,0.22322410914965296,0.7125021002144215,0.0,0.5527542855168774,0.1,0.5,0.02,0.0
92,4,0.22207799618080695,0.7079878972822219,0.0,0.5475296761808952,0.8,0.1,0.02,0.6
93,7,0.8263888888888888,1.0,0.0,1.0,0.8,0.1,0.0,0.3
94,6,0.5324001572123596,0.777698553517607,0.0886952253881576,0.6871069600013027,0.5,0.8,0.01,0.1
95,4,0.22207799618080695,0.7102933197441081,0.0,0.5522678454796718,0.8,0.5,0.02,0.2
96,4,0.22322410914965296,0.7125021002144215,0.0,0.5527542855168774,0.1,0.5,0.02,0.2
97,7,0.8263888888888888,1.0,0.0,1.0,0.8,0.8,0.0,0.4
98,4,0.22631957982433354,0.7144692522160405,0.0,0.5548672670016355,0.8,0.8,0.02,0.1
99,4,0.39874676403085735,0.7079549334060153,0.0,0.5482106901261534,0.8,0.1,0.01,0.2
100,7,0.8263888888888888,1.0,0.0,1.0,0.8,0.5,0.0,0.5
101,4,0.22169854044821694,0.7094260340733693,0.0,0.548825207223402,0.5,0.1,0.02,0.5
102,7,0.8263888888888888,1.0,0.0,1.0,0.1,0.1,0.0,0.9
103,4,0.21608822468773406,0.7111659028602006,0.0,0.5502385050010494,0.5,0.5,0.02,0.2
104,8,0.5372128933543813,0.7420578272346351,0.23522467879208503,0.7006801068906905,0.5,0.8,0.01,0.6
105,7,0.5429710833645771,0.7918248729878883,0.16306904458288818,0.7518307075382589,0.1,0.5,0.01,1.0
106,6,0.5211127788416748,0.8029154816414896,0.0926943728284797,0.7196315145625956,0.1,0.1,0.01,0.4
107,7,0.8263888888888888,1.0,0.0,1.0,0.8,0.8,0.0,0.7
108,7,0.8263888888888888,1.0,0.0,1.0,0.1,0.5,0.0,0.7
109,7,0.8263888888888888,1.0,0.0,1.0,0.5,0.1,0.0,0.6
110,4,0.22207799618080695,0.7079878972822219,0.0,0.5475296761808952,0.8,0.1,0.02,0.4
111,6,0.532825084026456,0.7946537883125361,0.0899213886901381,0.7171867612275685,0.5,0.5,0.01,0.1
112,6,0.527828706459293,0.7986589995188537,0.09012101826448611,0.7153916500715197,0.1,0.8,0.01,0.3
113,12,0.5198821069044045,0.7064793735411907,0.4446620437092344,0.6891674632484542,0.5,0.8,0.01,0.9
114,7,0.8263888888888888,1.0,0.0,1.0,0.5,0.8,0.0,0.0
115,7,0.8263888888888888,1.0,0.0,1.0,0.5,0.5,0.0,0.7
116,7,0.8263888888888888,1.0,0.0,1.0,0.8,0.8,0.0,0.1
117,7,0.8263888888888888,1.0,0.0,1.0,0.5,0.8,0.0,0.8
118,5,0.27314221885218404,0.8190592056430577,0.0,0.6544920201850788,0.8,0.8,0.02,0.8
119,6,0.5241322747549961,0.7972467714461399,0.08965156008251678,0.7046150933071892,0.5,0.1,0.01,0.0
120,7,0.8263888888888888,1.0,0.0,1.0,0.5,0.8,0.0,0.3
121,4,0.22322410914965296,0.7089356625319402,0.0,0.5473811217870416,0.1,0.8,0.02,0.5
122,7,0.8263888888888888,1.0,0.0,1.0,0.1,0.1,0.0,1.0
123,4,0.22132036494032828,0.7147589499242616,0.0,0.5568068237120983,0.1,0.1,0.02,0.1
124,4,0.22631957982433354,0.7144692522160405,0.0,0.5548672670016355,0.8,0.8,0.02,0.6
125,7,0.5453490539145807,0.7837411903466021,0.16021296818482078,0.7407747773544793,0.5,0.5,0.01,0.7
126,7,0.5450700974195322,0.7840505159154102,0.16035986995796256,0.7409670398006016,0.5,0.5,0.01,0.6
127,7,0.8263888888888888,1.0,0.0,1.0,0.1,0.5,0.0,0.5
128,6,0.5322357150251023,0.7790114710959366,0.08891610223044662,0.6885422726614774,0.5,0.8,0.01,0.2
129,6,0.525251270877999,0.7992379885277157,0.08942459520942059,0.708406531354154,0.5,0.1,0.01,0.1
130,7,0.8263888888888888,1.0,0.0,1.0,0.1,0.8,0.0,1.0
131,4,0.22169854044821694,0.7094260340733693,0.0,0.548825207223402,0.5,0.1,0.02,0.7
132,7,0.5265211913203249,0.7921881814029638,0.16938504694130088,0.752092197340333,0.1,0.1,0.01,1.0
133,4,0.22169854044821694,0.7094260340733693,0.0,0.548825207223402,0.5,0.1,0.02,1.0
134,7,0.8263888888888888,1.0,0.0,1.0,0.1,0.8,0.0,0.9
135,6,0.5261725583561928,0.8011809989735716,0.09133927172849328,0.7206918992915974,0.1,0.8,0.01,0.6
136,6,0.5332522434153233,0.8020098407004574,0.09049161396025492,0.7197039535240555,0.1,0.5,0.01,0.1
137,4,0.22322410914965296,0.7089356625319402,0.0,0.5473811217870416,0.1,0.8,0.02,0.4
138,7,0.8263888888888888,1.0,0.0,1.0,0.1,0.1,0.0,0.4
139,7,0.8263888888888888,1.0,0.0,1.0,0.1,0.1,0.0,0.6
140,7,0.8263888888888888,1.0,0.0,1.0,0.1,0.5,0.0,0.1
141,7,0.5450364557634806,0.7872411918628803,0.16184865301232618,0.744472279963359,0.1,0.5,0.01,0.5
142,10,0.5262875401117955,0.72123434406424,0.36504282962342777,0.690138114805264,0.5,0.8,0.01,0.5
143,7,0.8263888888888888,1.0,0.0,1.0,0.8,0.1,0.0,0.5
144,6,0.5195498906630092,0.8066082155228604,0.09373084282969717,0.7260227501721236,0.1,0.1,0.01,0.9
145,4,0.22207799618080695,0.7102933197441081,0.0,0.5522678454796718,0.8,0.5,0.02,0.8
146,4,0.22132036494032828,0.7147589499242616,0.0,0.5568068237120983,0.1,0.1,0.02,0.5
147,4,0.39874676403085735,0.7079549334060153,0.0,0.5482106901261534,0.8,0.1,0.01,0.3
148,7,0.5463246270427803,0.7766589643726098,0.15974676489400205,0.7284254293960756,0.5,0.5,0.01,0.4
149,7,0.8263888888888888,1.0,0.0,1.0,0.8,0.8,0.0,0.6
150,4,0.22207799618080695,0.7079878972822219,0.0,0.5475296761808952,0.8,0.1,0.02,0.7
151,7,0.5300753411479098,0.7474874147477379,0.1654349883840621,0.6829064554336282,0.8,0.5,0.01,0.4
152,7,0.8263888888888888,1.0,0.0,1.0,0.1,0.8,0.0,0.7
153,7,0.5432448820728969,0.7903646596805527,0.16141680816266835,0.7508630657314004,0.5,0.5,0.01,0.8
154,7,0.8263888888888888,1.0,0.0,1.0,0.1,0.8,0.0,0.0
155,11,0.5232782335282853,0.7156949526578341,0.394122399816651,0.6933137571304847,0.5,0.8,0.01,1.0
156,7,0.8263888888888888,1.0,0.0,1.0,0.5,0.8,0.0,0.4
157,4,0.39874676403085735,0.7079549334060153,0.0,0.5482106901261534,0.8,0.1,0.01,0.0
158,4,0.22322410914965296,0.7125021002144215,0.0,0.5527542855168774,0.1,0.5,0.02,1.0
159,4,0.21608822468773406,0.7111659028602006,0.0,0.5502385050010494,0.5,0.5,0.02,0.9
160,4,0.22322410914965296,0.7125021002144215,0.0,0.5527542855168774,0.1,0.5,0.02,0.3
161,6,0.5202605164070182,0.8065608454557059,0.09353785675520672,0.7264103286898982,0.1,0.1,0.01,0.8
162,7,0.8263888888888888,1.0,0.0,1.0,0.1,0.8,0.0,0.5
163,6,0.5367973216674092,0.770970867623657,0.08757384366250477,0.6781688219507737,0.8,0.8,0.01,0.3
164,4,0.22169854044821694,0.7122401851946455,0.0,0.552323202727484,0.5,0.8,0.02,0.9
165,4,0.22169854044821694,0.7094260340733693,0.0,0.548825207223402,0.5,0.1,0.02,0.9
166,7,0.5434750573178544,0.7909148995110477,0.16277899360342912,0.7497801679530081,0.1,0.5,0.01,0.8
167,4,0.22322410914965296,0.7125021002144215,0.0,0.5527542855168774,0.1,0.5,0.02,0.1
168,7,0.8263888888888888,1.0,0.0,1.0,0.8,0.1,0.0,1.0
169,7,0.5401370592066583,0.7666603386167532,0.16004459810663788,0.7045583769589221,0.5,0.1,0.01,0.4
170,4,0.21608822468773406,0.7111659028602006,0.0,0.5502385050010494,0.5,0.5,0.02,0.6
171,7,0.8263888888888888,1.0,0.0,1.0,0.8,0.1,0.0,0.1
172,7,0.8263888888888888,1.0,0.0,1.0,0.8,0.5,0.0,0.1
173,7,0.8263888888888888,1.0,0.0,1.0,0.1,0.5,0.0,0.9
174,7,0.529457901913623,0.7496540789997552,0.16577928091551494,0.6877880859346244,0.8,0.5,0.01,0.6
175,7,0.8263888888888888,1.0,0.0,1.0,0.8,0.8,0.0,0.9
176,7,0.8263888888888888,1.0,0.0,1.0,0.5,0.8,0.0,0.5
177,5,0.27314221885218404,0.8190592056430577,0.0,0.6544920201850788,0.8,0.8,0.02,1.0
178,7,0.8263888888888888,1.0,0.0,1.0,0.1,0.8,0.0,0.4
179,7,0.8263888888888888,1.0,0.0,1.0,0.8,0.1,0.0,0.9
180,7,0.8263888888888888,1.0,0.0,1.0,0.8,0.8,0.0,0.2
181,4,0.21608822468773406,0.7111659028602006,0.0,0.5502385050010494,0.5,0.5,0.02,0.0
182,4,0.22169854044821694,0.7094260340733693,0.0,0.548825207223402,0.5,0.1,0.02,0.8
183,7,0.8263888888888888,1.0,0.0,1.0,0.1,0.5,0.0,0.4
184,7,0.5458511624209113,0.7775874658429536,0.15996769463116237,0.7306126370263621,0.5,0.5,0.01,0.3
185,7,0.8263888888888888,1.0,0.0,1.0,0.8,0.1,0.0,0.7
186,4,0.22169854044821694,0.7122401851946455,0.0,0.552323202727484,0.5,0.8,0.02,0.5
187,9,0.5116993290610244,0.718347085442483,0.31857596754740997,0.6702951509832409,0.8,0.5,0.01,0.7
188,7,0.5398958272048301,0.7737813830847475,0.16142570742300477,0.7128754578935,0.8,0.1,0.01,0.9
189,7,0.5448742786346462,0.7547760192271161,0.15964422305873116,0.6938237678833337,0.5,0.8,0.01,0.3
190,4,0.22132036494032828,0.7147589499242616,0.0,0.5568068237120983,0.1,0.1,0.02,1.0
191,7,0.8263888888888888,1.0,0.0,1.0,0.1,0.8,0.0,0.2
192,6,0.5313561021686248,0.7786365302121185,0.08899217022293947,0.6876235585927732,0.5,0.8,0.01,0.0
193,7,0.5387983120697686,0.7611434250761525,0.16305991153275384,0.7049004639757527,0.1,0.8,0.01,0.7
194,4,0.22132036494032828,0.7147589499242616,0.0,0.5568068237120983,0.1,0.1,0.02,0.4
195,7,0.8263888888888888,1.0,0.0,1.0,0.8,0.1,0.0,0.6
196,7,0.5424544313535646,0.7916906749287126,0.16345557101837413,0.7511078560028916,0.1,0.5,0.01,0.7
197,4,0.22322410914965296,0.7125021002144215,0.0,0.5527542855168774,0.1,0.5,0.02,0.4
198,11,0.4992132742191658,0.7070916532152308,0.41086352607693627,0.675914406011188,0.8,0.8,0.01,0.8
199,7,0.8263888888888888,1.0,0.0,1.0,0.5,0.1,0.0,1.0
200,4,0.22169854044821694,0.7094260340733693,0.0,0.548825207223402,0.5,0.1,0.02,0.2
201,4,0.22169854044821694,0.7122401851946455,0.0,0.552323202727484,0.5,0.8,0.02,0.8
202,4,0.22132036494032828,0.7147589499242616,0.0,0.5568068237120983,0.1,0.1,0.02,0.9
203,7,0.8263888888888888,1.0,0.0,1.0,0.1,0.1,0.0,0.1
204,4,0.22207799618080695,0.7102933197441081,0.0,0.5522678454796718,0.8,0.5,0.02,0.6
205,4,0.22169854044821694,0.7122401851946455,0.0,0.552323202727484,0.5,0.8,0.02,1.0
206,4,0.22322410914965296,0.7089356625319402,0.0,0.5473811217870416,0.1,0.8,0.02,1.0
207,4,0.22207799618080695,0.7079878972822219,0.0,0.5475296761808952,0.8,0.1,0.02,0.5
208,4,0.22207799618080695,0.7079878972822219,0.0,0.5475296761808952,0.8,0.1,0.02,0.3
209,4,0.22132036494032828,0.7147589499242616,0.0,0.5568068237120983,0.1,0.1,0.02,0.8
210,7,0.5449063357227887,0.7592607903719526,0.15950287051945858,0.7004359830283591,0.5,0.8,0.01,0.4
211,8,0.5266340356089675,0.7419092633761187,0.2533936520546668,0.6906593793309115,0.8,0.1,0.01,0.6
212,4,0.22322410914965296,0.7125021002144215,0.0,0.5527542855168774,0.1,0.5,0.02,0.7
213,4,0.22171788468505768,0.700743602232042,0.0,0.5459377114867537,0.5,0.1,0.02,0.0
214,4,0.22207799618080695,0.7102933197441081,0.0,0.5522678454796718,0.8,0.5,0.02,0.4
215,4,0.22322410914965296,0.7089356625319402,0.0,0.5473811217870416,0.1,0.8,0.02,0.0
216,7,0.8263888888888888,1.0,0.0,1.0,0.8,0.8,0.0,1.0
217,7,0.5292541138300344,0.7487794186765557,0.1658809790677629,0.6855845516544568,0.8,0.5,0.01,0.5
218,7,0.8264118827160494,0.9949361669070114,0.0,0.9977410617063143,0.5,0.1,0.0,0.1
219,8,0.5378962391678144,0.7333276220932234,0.23465434678277086,0.6906602929043684,0.8,0.8,0.01,0.6
220,4,0.4048018121184661,0.7107826976625783,0.0,0.5501479324900893,0.8,0.8,0.01,0.1
221,7,0.8263888888888888,1.0,0.0,1.0,0.1,0.1,0.0,0.3
222,4,0.21608822468773406,0.7111659028602006,0.0,0.5502385050010494,0.5,0.5,0.02,0.8
223,8,0.5411617840799531,0.7333734441938141,0.24363096101043483,0.6766389064595126,0.8,0.8,0.01,0.5
224,6,0.5254597623229632,0.799909967335952,0.0898565156233632,0.7119619331312157,0.5,0.1,0.01,0.2
225,10,0.5245003732831399,0.7150457479253571,0.3714277775227314,0.6859083051964175,0.8,0.8,0.01,0.7
226,7,0.5434401037941923,0.7916456986085962,0.16286358447932422,0.7498895124473753,0.1,0.5,0.01,0.6
227,4,0.22322410914965296,0.7089356625319402,0.0,0.5473811217870416,0.1,0.8,0.02,0.9
228,7,0.8263888888888888,1.0,0.0,1.0,0.5,0.5,0.0,0.1
229,7,0.8263888888888888,1.0,0.0,1.0,0.1,0.5,0.0,0.6
230,4,0.22207799618080695,0.7079878972822219,0.0,0.5475296761808952,0.8,0.1,0.02,0.2
231,6,0.5330420144739748,0.8032822583181948,0.09053590642296903,0.720201655147924,0.1,0.5,0.01,0.0
232,4,0.22322410914965296,0.7125021002144215,0.0,0.5527542855168774,0.1,0.5,0.02,0.5
233,7,0.8263888888888888,1.0,0.0,1.0,0.1,0.8,0.0,0.3
234,7,0.5460992006609255,0.7798706622512271,0.15984090912524623,0.7336627093264515,0.5,0.5,0.01,0.5
235,4,0.22132036494032828,0.7147589499242616,0.0,0.5568068237120983,0.1,0.1,0.02,0.6
236,7,0.8263888888888888,1.0,0.0,1.0,0.8,0.1,0.0,0.2
237,7,0.5390230875541105,0.7702977849589308,0.16099501826654852,0.7141256252067204,0.5,0.1,0.01,0.5
238,4,0.21608822468773406,0.7111659028602006,0.0,0.5502385050010494,0.5,0.5,0.02,0.3
239,4,0.22132036494032828,0.7147589499242616,0.0,0.5568068237120983,0.1,0.1,0.02,0.0
240,7,0.8263888888888888,1.0,0.0,1.0,0.5,0.8,0.0,0.1
241,7,0.8263888888888888,1.0,0.0,1.0,0.8,0.5,0.0,0.4
242,4,0.22169854044821694,0.7122401851946455,0.0,0.552323202727484,0.5,0.8,0.02,0.0
243,6,0.5230111504321722,0.7990077409949575,0.09158429780424528,0.7137291910928834,0.1,0.1,0.01,0.3
244,4,0.22169854044821694,0.7094260340733693,0.0,0.548825207223402,0.5,0.1,0.02,0.4
245,7,0.8264813271604938,0.9948845139382624,0.0,0.9970621942760045,0.8,0.1,0.0,0.0
246,7,0.8263888888888888,1.0,0.0,1.0,0.5,0.5,0.0,0.5
247,7,0.5423743683187354,0.7932464932942556,0.16349701562792157,0.7532878974246866,0.1,0.5,0.01,0.9
248,6,0.5200803824637807,0.7796655546792413,0.09264310979295078,0.6937025582846715,0.8,0.5,0.01,0.1
249,9,0.5024269405760146,0.7192721173981177,0.33392785823104804,0.6734620596797647,0.8,0.5,0.01,0.2
250,7,0.8263888888888888,1.0,0.0,1.0,0.5,0.8,0.0,0.7
251,7,0.8263888888888888,1.0,0.0,1.0,0.5,0.5,0.0,0.2
252,4,0.21608822468773406,0.7111659028602006,0.0,0.5502385050010494,0.5,0.5,0.02,0.1
253,6,0.5346291922012172,0.7979009339375848,0.09005372539705393,0.7169116008044925,0.1,0.5,0.01,0.2
254,6,0.5343163031528417,0.8004313717568589,0.09037554800231291,0.7205600022779904,0.1,0.5,0.01,0.3
255,6,0.5214213000103514,0.8025057517835223,0.09266342256484328,0.7193262902967548,0.1,0.1,0.01,0.6
256,4,0.22645022255482428,0.7089301378417435,0.0002588238247884549,0.5551980787461306,0.8,0.8,0.02,0.0
257,4,0.22631957982433354,0.7144692522160405,0.0,0.5548672670016355,0.8,0.8,0.02,0.2
258,7,0.5329489040891517,0.7876875662393985,0.16522494544452235,0.7407500042114091,0.5,0.1,0.01,1.0
259,4,0.22208285055758079,0.7009133783682701,0.0,0.545225519441387,0.8,0.1,0.02,0.0
260,4,0.22207799618080695,0.7079878972822219,0.0,0.5475296761808952,0.8,0.1,0.02,0.8
261,7,0.8263888888888888,1.0,0.0,1.0,0.8,0.5,0.0,0.9
262,7,0.8263888888888888,1.0,0.0,1.0,0.5,0.5,0.0,0.9
263,9,0.5153677775626243,0.7339175695368702,0.3171234578388772,0.6967241815904143,0.8,0.1,0.01,1.0
264,4,0.22169854044821694,0.7122401851946455,0.0,0.552323202727484,0.5,0.8,0.02,0.1
265,7,0.8264350308641976,0.9947136321286539,0.0,0.9973080427216392,0.8,0.5,0.0,0.0
266,6,0.5271705010092645,0.7980798253366405,0.08992129350299377,0.7126209284127802,0.1,0.8,0.01,0.1
267,4,0.22322410914965296,0.7125021002144215,0.0,0.5527542855168774,0.1,0.5,0.02,0.6
268,7,0.8263888888888888,1.0,0.0,1.0,0.5,0.1,0.0,0.8
269,11,0.4922218426891608,0.7101120411457337,0.42657505916058436,0.678489669507188,0.8,0.5,0.01,0.8
270,4,0.22169854044821694,0.7094260340733693,0.0,0.548825207223402,0.5,0.1,0.02,0.1
271,4,0.22631957982433354,0.7144692522160405,0.0,0.5548672670016355,0.8,0.8,0.02,0.5
272,7,0.8263888888888888,1.0,0.0,1.0,0.8,0.8,0.0,0.8
273,7,0.5387342949381503,0.761590894317833,0.16311386252323518,0.7059519906049682,0.1,0.8,0.01,0.9
274,7,0.8263888888888888,1.0,0.0,1.0,0.5,0.8,0.0,1.0
275,4,0.21608822468773406,0.7111659028602006,0.0,0.5502385050010494,0.5,0.5,0.02,1.0
276,7,0.8263888888888888,1.0,0.0,1.0,0.5,0.1,0.0,0.9
277,4,0.22132036494032828,0.7147589499242616,0.0,0.5568068237120983,0.1,0.1,0.02,0.2
278,7,0.8263888888888888,1.0,0.0,1.0,0.5,0.1,0.0,0.3
279,7,0.8263888888888888,1.0,0.0,1.0,0.1,0.5,0.0,0.2
280,4,0.21608822468773406,0.7111659028602006,0.0,0.5502385050010494,0.5,0.5,0.02,0.5
281,4,0.22169854044821694,0.7122401851946455,0.0,0.552323202727484,0.5,0.8,0.02,0.2
282,4,0.22207799618080695,0.7102933197441081,0.0,0.5522678454796718,0.8,0.5,0.02,0.0
283,7,0.5370226901554186,0.7747846060229979,0.16248134387419808,0.7208436423411135,0.5,0.1,0.01,0.7
284,7,0.5374157064818013,0.7730537610187185,0.1621308321754249,0.7192465625845494,0.5,0.1,0.01,0.6
285,4,0.22631957982433354,0.7144692522160405,0.0,0.5548672670016355,0.8,0.8,0.02,0.4
286,6,0.5276994591377258,0.7977757339122361,0.09032823676222433,0.7154849928020992,0.1,0.8,0.01,0.5
287,7,0.8263888888888888,1.0,0.0,1.0,0.1,0.1,0.0,0.7
288,7,0.8263888888888888,1.0,0.0,1.0,0.1,0.5,0.0,0.0
289,13,0.5110576463739347,0.6975577414133886,0.4734402349761575,0.667670687406647,0.8,0.8,0.01,0.9
290,7,0.8263888888888888,1.0,0.0,1.0,0.8,0.5,0.0,0.2
291,4,0.21608822468773406,0.7111659028602006,0.0,0.5502385050010494,0.5,0.5,0.02,0.4
292,6,0.5310036098546037,0.7994217835657407,0.09000170669686187,0.7237991210843016,0.5,0.5,0.01,0.0
293,7,0.8263888888888888,1.0,0.0,1.0,0.5,0.5,0.0,0.3
294,6,0.5197565311060505,0.805051511196265,0.09403227579144824,0.7251572726488587,0.1,0.1,0.01,0.7
295,9,0.5338194516329383,0.7329814428230497,0.2966693968955672,0.7010756797451086,0.5,0.8,0.01,0.8
296,6,0.5262108586512085,0.8015582850351579,0.08967697631057904,0.7137614356854247,0.1,0.8,0.01,0.0
